{"cameraMode":{"drawMode":0,"name":"Shaded","section":"Shading Mode"},"sceneLighting":true,"audioPlay":false,"sceneViewState":{"m_AlwaysRefresh":false,"showFog":true,"showSkybox":true,"showFlares":true,"showImageEffects":true,"showParticleSystems":true,"showVisualEffectGraphs":true,"m_FxEnabled":true},"in2DMode":false,"pivot":{"x":-21.457557678222658,"y":12.933876037597657,"z":-7.531615257263184},"rotation":{"x":-0.06382337212562561,"y":0.9274902939796448,"z":-0.3180055022239685,"w":-0.18608108162879945},"size":2.5368759632110597,"orthographic":false}