{"cameraMode":{"drawMode":0,"name":"Shaded","section":"Shading Mode"},"sceneLighting":true,"audioPlay":false,"sceneViewState":{"m_AlwaysRefresh":false,"showFog":true,"showSkybox":true,"showFlares":true,"showImageEffects":true,"showParticleSystems":true,"showVisualEffectGraphs":true,"m_FxEnabled":true},"in2DMode":false,"pivot":{"x":-29.452129364013673,"y":2.6296205520629885,"z":-21.95306396484375},"rotation":{"x":-0.12278290838003159,"y":0.7264377474784851,"z":-0.13473817706108094,"w":-0.6626643538475037},"size":0.8660253882408142,"orthographic":false}